<?xml version="1.0"?>
<SmartPartMapping xmlns:xsi="http://www.w3.org/2001/XMLSchema-instance" xmlns:xsd="http://www.w3.org/2001/XMLSchema" id="eabf4334-9216-447e-afda-093d1c329486">
  <SmartPartId>LiveGroupViewer</SmartPartId>
  <ReferencedModelId>00000000-0000-0000-0000-000000000000</ReferencedModelId>
  <SmartPart>SmartParts\GroupBuilder\LiveGroupViewer.ascx</SmartPart>
  <TargetWorkspace>MainContent</TargetWorkspace>
  <ShowInMode>List</ShowInMode>
  <Properties />
  <AllowRoles />
</SmartPartMapping>