<?xml version="1.0"?>
<method xmlns:xsi="http://www.w3.org/2001/XMLSchema-instance" xmlns:xsd="http://www.w3.org/2001/XMLSchema" xsi:type="OrmOtherMethod" id="a86aa4ea-c606-4a90-bde4-f83f4ed4d4f7" lastModifiedUtc="2010-05-10T18:57:49.84375Z" name="OnLoad1" methodType="Other" actionType="None" returnMode="None" isInstance="false" containerName="HistoryManagerController">
  <extendedMetaData />
  <ExtendedPropertiesCollection>
    <extendee type="Sage.Platform.Orm.Entities.OrmOtherMethod" />
  </ExtendedPropertiesCollection>
  <parameter>
    <OrmEntityMethodParam id="a09c6ca5-cb3b-4949-8c04-7482501a985c" paramName="form" sequence="0" paramType="IHistoryManagerController" />
    <OrmEntityMethodParam id="46344248-01af-4dd6-a38d-bc2abfacfab2" paramName="args" sequence="0" paramType="EventArgs" />
  </parameter>
  <preExecuteTargets />
  <methodTargets>
    <methodTarget xsi:type="OrmMethodTargetSnippet" id="7a1bcd1a-1e0a-4806-a4df-2d9a0fd18dd0" lastModifiedUtc="2010-05-10T18:57:36.65625Z" targetType="Sage.BusinessRules.CodeSnippets.HistoryManagerControllerEventHandlers, Sage.SnippetLibrary.CSharp" targetMethod="OnLoad1Step" active="true" codeSnippetId="c034d862-1b24-4e25-a085-93b956c5ccda">
      <ExtendedPropertiesCollection>
        <extendee type="Sage.Platform.Orm.Entities.OrmMethodTargetSnippet" />
      </ExtendedPropertiesCollection>
    </methodTarget>
  </methodTargets>
  <postExecuteTargets />
  <postFlushTargets />
</method>