﻿<?xml version="1.0"?>
<entityFilter xmlns:xsi="http://www.w3.org/2001/XMLSchema-instance" xmlns:xsd="http://www.w3.org/2001/XMLSchema" xsi:type="OrmRangeEntityFilter" id="565f36ce-854c-4fd8-9a5e-163a43d9ffe7" lastModifiedUtc="2010-05-07T19:25:00.466125Z" filterName="Account" propertyName="AccountName" characters="0">
  <extendedMetaData />
  <ExtendedPropertiesCollection>
    <extendee type="Sage.Platform.Orm.Entities.OrmRangeEntityFilter" />
  </ExtendedPropertiesCollection>
  <ranges id="4acaefcc-c15b-4c0e-b014-e8d6143f4f66" rangeName="0-9" lower="0" upper="9" />
  <ranges id="68ee6b3f-42bd-4b56-ad6e-2bbe2570a744" rangeName="A" lower="A" upper="A" />
  <ranges id="d498cd44-11d7-4224-8805-5f68aacc3078" rangeName="B" lower="B" upper="B" />
  <ranges id="4f653fc5-9a43-45b4-a6e6-30058784b632" rangeName="C" lower="C" upper="C" />
  <ranges id="ea3492c6-0748-4d86-bd41-3ed239e84d7c" rangeName="D" lower="D" upper="D" />
  <ranges id="6b05925d-cac6-4c70-985b-fea9221c0baa" rangeName="E" lower="E" upper="E" />
  <ranges id="4ddb58ba-0576-4be5-a58e-c7a5b67a08d5" rangeName="F" lower="F" upper="F" />
  <ranges id="3209bf8d-4db1-4603-957d-fb283652c65c" rangeName="G" lower="G" upper="G" />
  <ranges id="ab80f68c-1bde-4237-b5dc-b7cac3512baa" rangeName="H" lower="H" upper="H" />
  <ranges id="3c8aa7a3-8e12-4dcc-be1a-085bacc47318" rangeName="I" lower="I" upper="I" />
  <ranges id="c9bbce9f-39aa-43b9-a90f-84f640106e87" rangeName="J" lower="J" upper="J" />
  <ranges id="ef379c30-cdbb-4737-93bc-3fce1ba04836" rangeName="K" lower="K" upper="K" />
  <ranges id="9da9b5ff-3857-4e14-9a03-9c5b35771203" rangeName="L" lower="L" upper="L" />
  <ranges id="f0bf3711-8595-4145-ae8e-03bf0b29bacd" rangeName="M" lower="M" upper="M" />
  <ranges id="61d3124e-882e-4ec4-8646-d8091d43ed2a" rangeName="N" lower="N" upper="N" />
  <ranges id="9b938f2c-b26d-4d11-bfe0-cb6419830f9e" rangeName="O" lower="O" upper="O" />
  <ranges id="ddf1cb5e-7efa-4b6f-b810-0b1b1a3ad779" rangeName="P" lower="P" upper="P" />
  <ranges id="3ee79836-3f12-4696-9525-80b83d7be94b" rangeName="Q" lower="Q" upper="Q" />
  <ranges id="d97159cd-21b7-4b98-a42d-a3850771ef3d" rangeName="R" lower="R" upper="R" />
  <ranges id="87dd168f-3b3a-4870-8ff4-7426928c7253" rangeName="S" lower="S" upper="S" />
  <ranges id="48f6c802-99ed-433e-b3e9-febaef547e16" rangeName="T" lower="T" upper="T" />
  <ranges id="9bdcedb7-72b6-4b88-b2b6-6d5f0a100b08" rangeName="U" lower="U" upper="U" />
  <ranges id="4f86ae30-83d4-4b84-a474-cf757c625ba1" rangeName="V" lower="V" upper="V" />
  <ranges id="4e8d700d-721e-4fc3-892e-ebef81670d54" rangeName="W" lower="W" upper="W" />
  <ranges id="263fe83c-17ff-4fda-92d9-7fd63a14e150" rangeName="X" lower="X" upper="X" />
  <ranges id="79455e57-e7ed-43c1-ba27-3f129027ee67" rangeName="Y" lower="Y" upper="Y" />
  <ranges id="926f274f-b0cb-4c37-a53e-390027fbb463" rangeName="Z" lower="Z" upper="Z" />
</entityFilter>