﻿<?xml version="1.0"?>
<entityFilter xmlns:xsi="http://www.w3.org/2001/XMLSchema-instance" xmlns:xsd="http://www.w3.org/2001/XMLSchema" xsi:type="OrmRangeEntityFilter" id="1d04a438-2cf7-4243-be53-a130944db6fd" lastModifiedUtc="2010-05-07T19:43:37.434875Z" filterName="HistoryType" propertyName="Type" characters="0">
  <extendedMetaData />
  <ExtendedPropertiesCollection>
    <extendee type="Sage.Platform.Orm.Entities.OrmRangeEntityFilter" />
  </ExtendedPropertiesCollection>
  <ranges id="2779389e-87d7-4f0e-81c7-c62fb1bb8614" rangeName="atProcessStart" lower="262144" upper="262144" />
  <ranges id="d465eebc-53be-46c8-b3dc-8d553bd48cbe" rangeName="atAppointment" lower="262145" upper="262145" />
  <ranges id="84008e17-b0b5-4855-85e7-d6a323a34140" rangeName="atPhoneCall" lower="262146" upper="262146" />
  <ranges id="04b8f7c1-7f28-4b27-9b89-e325b65fee60" rangeName="atToDo" lower="262147" upper="262147" />
  <ranges id="d2902684-5a7d-4547-8af6-4c92f1114af4" rangeName="atNote" lower="262148" upper="262148" />
  <ranges id="28eb7556-8ae6-4f1a-a6c8-736e21c97547" rangeName="atQuestion" lower="262149" upper="262149" />
  <ranges id="ef1681ed-4f76-4e72-8c69-da843f2a58fc" rangeName="atMessageBox" lower="262150" upper="262150" />
  <ranges id="f4d31bc8-e87e-4d67-84d8-d82d58fcf990" rangeName="atEventSelection" lower="262151" upper="262151" />
  <ranges id="b2002e04-bdc2-4d80-9a97-13be066ddeb3" rangeName="atReport" lower="262152" upper="262152" />
  <ranges id="6cc7aaba-e1ff-409e-8506-07bd3aa0e216" rangeName="atDoc" lower="262153" upper="262153" />
  <ranges id="4385fd88-6f61-40f8-9648-03dc00ec71a6" rangeName="atEmail" lower="262154" upper="262154" />
  <ranges id="633cf50b-3b24-4537-8132-4cef17215c81" rangeName="atFax" lower="262155" upper="262155" />
  <ranges id="6d6d8012-8987-48d6-a652-239eed17c512" rangeName="atDatabaseChange" lower="262156" upper="262156" />
  <ranges id="6872d9db-9d0f-4b3b-8a94-dfa2140f8bef" rangeName="atView" lower="262157" upper="262157" />
  <ranges id="a14f268c-6ddd-4a3c-8fed-ba79a9cabc4c" rangeName="atOLE" lower="262158" upper="262158" />
  <ranges id="d06e8678-2e1f-4ab4-8b78-11f1b98f88ab" rangeName="atBasicScript" lower="262159" upper="262159" />
  <ranges id="65aa2150-fa34-4af4-9295-719b57c887b2" rangeName="atProcess" lower="262160" upper="262160" />
  <ranges id="b1e7cf72-2f1d-47c0-9c58-f38e9f288b88" rangeName="atPage" lower="262161" upper="262161" />
  <ranges id="1ba3cb36-38f2-4e88-b934-2e0b49cfc9e1" rangeName="atPersonal" lower="262162" upper="262162" />
  <ranges id="c4fcae85-2f98-4d0f-9f83-d46746d9e880" rangeName="atLiterature" lower="262163" upper="262163" />
  <ranges id="bb3a91f7-e97a-4593-9e46-c6f84991cf8e" rangeName="atStop" lower="262164" upper="262164" />
  <ranges id="3eb444c6-b776-4c2b-b50f-e5299de2b04f" rangeName="atInternal" lower="0" upper="0" />
  <ranges id="4297aa44-c780-4fb7-80cc-5d00be6a515d" rangeName="atSchedule" lower="1" upper="1" />
</entityFilter>