<?xml version="1.0"?>
<PortalPage xmlns:xsi="http://www.w3.org/2001/XMLSchema-instance" xmlns:xsd="http://www.w3.org/2001/XMLSchema" id="e13539c9-ae24-41e5-abbd-fe7a57715961">
  <PageAlias>HistoryManager</PageAlias>
  <SmallImage>[Localization!Global_Images:no_Icon_16x16_x]</SmallImage>
  <LargeImage>[Localization!Global_Images:no_Icon_32x32_x]</LargeImage>
  <TemplateUrl>Masters\base.master</TemplateUrl>
  <InheritsFrom>Sage.Platform.WebPortal.EntityPage, Sage.Platform.WebPortal</InheritsFrom>
  <Properties>
    <Property Name="EntityTypeName" TypeConverter="">Sage.Entity.Interfaces.IHistory, Sage.Entity.Interfaces</Property>
  </Properties>
  <TemplateProperties />
  <IsDefaultPage>false</IsDefaultPage>
  <ExcludedGlobalModules />
</PortalPage>