<?xml version="1.0"?>
<BundleManifest id="b2836e32-edef-4247-a3d4-fafb8a9b5506">
  <bundleProperties>
    <name>History Main View</name>
    <description><![CDATA[Adds a main view list of History items.  Detail view will launch a history detail dialog.]]></description>
    <address><![CDATA[]]></address>
    <company>Sage</company>
    <copyright><![CDATA[]]></copyright>
    <majorVersion>0</majorVersion>
    <minorVersion>0</minorVersion>
    <revision>0</revision>
    <build>3</build>
    <autoIncrement>false</autoIncrement>
    <installDate>0001-01-01T00:00:00</installDate>
    <installPassword />
  </bundleProperties>
  <bundleItemHierarchy>
    <bundleItem modelId="af988c91-97c8-4527-b072-e021c9e2cb1a" itemTypeName="Sage.Platform.BundleModel.BundleManifestItem, Sage.Platform.BundleModel">
      <BundleManifestItem xmlns:xsi="http://www.w3.org/2001/XMLSchema-instance" xmlns:xsd="http://www.w3.org/2001/XMLSchema">
        <ItemId>b2836e32-edef-4247-a3d4-fafb8a9b5506</ItemId>
        <Url>\</Url>
        <BundleItemType>Container</BundleItemType>
        <Caption>History Main View</Caption>
      </BundleManifestItem>
      <children>
        <bundleItem modelId="a7bdd2d9-93b0-499d-9fd4-c3f7a5f94e28" itemTypeName="Sage.Platform.Orm.Entities.BundleSupport.EntityModelContext, Sage.Platform">
          <EntityModelContext xmlns:xsi="http://www.w3.org/2001/XMLSchema-instance" xmlns:xsd="http://www.w3.org/2001/XMLSchema">
            <ItemId>entitymodel</ItemId>
            <Url>\::Entity Model</Url>
            <BundleItemType>Container</BundleItemType>
            <Caption>Entity Model</Caption>
          </EntityModelContext>
          <children>
            <bundleItem modelId="a7bdd2d9-93b0-499d-9fd4-c3f7a5f94e28" itemTypeName="Sage.Platform.Orm.Entities.BundleSupport.PackagesContext, Sage.Platform">
              <PackagesContext xmlns:xsi="http://www.w3.org/2001/XMLSchema-instance" xmlns:xsd="http://www.w3.org/2001/XMLSchema">
                <ItemId>entitymodel\packages</ItemId>
                <Url>\::Entity Model::Packages</Url>
                <BundleItemType>Container</BundleItemType>
                <Caption>Packages</Caption>
              </PackagesContext>
              <children>
                <bundleItem modelId="a7bdd2d9-93b0-499d-9fd4-c3f7a5f94e28" itemTypeName="Sage.Platform.Orm.Entities.BundleSupport.PackageBundleItem, Sage.Platform">
                  <PackageBundleItem xmlns:xsi="http://www.w3.org/2001/XMLSchema-instance" xmlns:xsd="http://www.w3.org/2001/XMLSchema">
                    <ItemId>1dd88659-ce68-4ef6-ac7c-80d3c33606e8</ItemId>
                    <Url>\Entity Model\SalesLogix Activity Support\SalesLogix Activity Support.T.package.xml</Url>
                    <BundleItemType>Context</BundleItemType>
                    <Caption>SalesLogix Activity Support</Caption>
                  </PackageBundleItem>
                  <children>
                    <bundleItem modelId="a7bdd2d9-93b0-499d-9fd4-c3f7a5f94e28" itemTypeName="Sage.Platform.Orm.Entities.BundleSupport.EntityBundleItem, Sage.Platform">
                      <EntityBundleItem xmlns:xsi="http://www.w3.org/2001/XMLSchema-instance" xmlns:xsd="http://www.w3.org/2001/XMLSchema">
                        <ItemId>9bcc821a-6853-4cf2-8f2f-09ddd2645197</ItemId>
                        <Url>\Entity Model\SalesLogix Activity Support\History\History.HISTORY.entity.xml</Url>
                        <BundleItemType>Context</BundleItemType>
                        <Caption>History</Caption>
                      </EntityBundleItem>
                      <children>
                        <bundleItem modelId="a7bdd2d9-93b0-499d-9fd4-c3f7a5f94e28" itemTypeName="Sage.Platform.Orm.Entities.BundleSupport.EntitySubFolderContext, Sage.Platform">
                          <EntitySubFolderContext xmlns:xsi="http://www.w3.org/2001/XMLSchema-instance" xmlns:xsd="http://www.w3.org/2001/XMLSchema">
                            <ItemId>9bcc821a-6853-4cf2-8f2f-09ddd2645197filters</ItemId>
                            <Url>\Entity Model\SalesLogix Activity Support\History\History.HISTORY.entity.xml::Filters</Url>
                            <BundleItemType>Container</BundleItemType>
                            <Caption>Filters</Caption>
                            <ParentUrl>\Entity Model\SalesLogix Activity Support\History\History.HISTORY.entity.xml</ParentUrl>
                            <CaptionKey>filters</CaptionKey>
                          </EntitySubFolderContext>
                          <children>
                            <bundleItem modelId="a7bdd2d9-93b0-499d-9fd4-c3f7a5f94e28" itemTypeName="Sage.Platform.Orm.Entities.BundleSupport.FilterBundleItem, Sage.Platform">
                              <FilterBundleItem xmlns:xsi="http://www.w3.org/2001/XMLSchema-instance" xmlns:xsd="http://www.w3.org/2001/XMLSchema">
                                <ItemId>565f36ce-854c-4fd8-9a5e-163a43d9ffe7</ItemId>
                                <Url>\Entity Model\SalesLogix Activity Support\History\Account.filter.xml</Url>
                                <BundleItemType>ModelItem</BundleItemType>
                                <Caption>Account</Caption>
                              </FilterBundleItem>
                            </bundleItem>
                            <bundleItem modelId="a7bdd2d9-93b0-499d-9fd4-c3f7a5f94e28" itemTypeName="Sage.Platform.Orm.Entities.BundleSupport.FilterBundleItem, Sage.Platform">
                              <FilterBundleItem xmlns:xsi="http://www.w3.org/2001/XMLSchema-instance" xmlns:xsd="http://www.w3.org/2001/XMLSchema">
                                <ItemId>1d04a438-2cf7-4243-be53-a130944db6fd</ItemId>
                                <Url>\Entity Model\SalesLogix Activity Support\History\HistoryType.filter.xml</Url>
                                <BundleItemType>ModelItem</BundleItemType>
                                <Caption>HistoryType</Caption>
                              </FilterBundleItem>
                            </bundleItem>
                            <bundleItem modelId="a7bdd2d9-93b0-499d-9fd4-c3f7a5f94e28" itemTypeName="Sage.Platform.Orm.Entities.BundleSupport.FilterBundleItem, Sage.Platform">
                              <FilterBundleItem xmlns:xsi="http://www.w3.org/2001/XMLSchema-instance" xmlns:xsd="http://www.w3.org/2001/XMLSchema">
                                <ItemId>e005d450-d16e-408b-8924-0f34392361aa</ItemId>
                                <Url>\Entity Model\SalesLogix Activity Support\History\Attachment.filter.xml</Url>
                                <BundleItemType>ModelItem</BundleItemType>
                                <Caption>Attachment</Caption>
                              </FilterBundleItem>
                            </bundleItem>
                          </children>
                        </bundleItem>
                        <bundleItem modelId="a7bdd2d9-93b0-499d-9fd4-c3f7a5f94e28" itemTypeName="Sage.Platform.Orm.Entities.BundleSupport.EntitySubFolderContext, Sage.Platform">
                          <EntitySubFolderContext xmlns:xsi="http://www.w3.org/2001/XMLSchema-instance" xmlns:xsd="http://www.w3.org/2001/XMLSchema">
                            <ItemId>9bcc821a-6853-4cf2-8f2f-09ddd2645197quickforms</ItemId>
                            <Url>\Entity Model\SalesLogix Activity Support\History\History.HISTORY.entity.xml::Forms</Url>
                            <BundleItemType>Container</BundleItemType>
                            <Caption>Forms</Caption>
                            <ParentUrl>\Entity Model\SalesLogix Activity Support\History\History.HISTORY.entity.xml</ParentUrl>
                            <CaptionKey>quickforms</CaptionKey>
                          </EntitySubFolderContext>
                          <children>
                            <bundleItem modelId="b2741b79-02a2-4f4c-81cd-c204f82cf41c" itemTypeName="Sage.Platform.QuickForms.BundleSupport.QuickFormBundleItem, Sage.Platform.QuickForms">
                              <QuickFormBundleItem xmlns:xsi="http://www.w3.org/2001/XMLSchema-instance" xmlns:xsd="http://www.w3.org/2001/XMLSchema">
                                <ItemId>42202640-f8ce-43cd-ae6a-62c7f1f5c873</ItemId>
                                <Url>\Entity Model\SalesLogix Activity Support\History\QuickForms\HistoryManagerController.main.quickform.xml</Url>
                                <BundleItemType>ModelItem</BundleItemType>
                                <Caption>HistoryManagerController</Caption>
                              </QuickFormBundleItem>
                            </bundleItem>
                          </children>
                        </bundleItem>
                      </children>
                    </bundleItem>
                  </children>
                </bundleItem>
              </children>
            </bundleItem>
          </children>
        </bundleItem>
        <bundleItem modelId="73d4e7d0-a7fa-40ae-8b45-1ad7ed954154" itemTypeName="Sage.Platform.WebPortal.Design.BundleSupport.ManagerBundleItem, Sage.Platform.WebPortal.Design">
          <ManagerBundleItem xmlns:xsi="http://www.w3.org/2001/XMLSchema-instance" xmlns:xsd="http://www.w3.org/2001/XMLSchema">
            <ItemId>\Portal</ItemId>
            <Url>\Portal</Url>
            <BundleItemType>Container</BundleItemType>
            <Caption>Portals</Caption>
          </ManagerBundleItem>
          <children>
            <bundleItem modelId="73d4e7d0-a7fa-40ae-8b45-1ad7ed954154" itemTypeName="Sage.Platform.WebPortal.Design.BundleSupport.ModelItemBundleItem, Sage.Platform.WebPortal.Design">
              <ModelItemBundleItem xmlns:xsi="http://www.w3.org/2001/XMLSchema-instance" xmlns:xsd="http://www.w3.org/2001/XMLSchema">
                <ItemId>861ac5fe-b571-4015-a55d-bf63e400e1e7</ItemId>
                <Url>\Portal\SlxClient\SlxClient.portal.xml</Url>
                <BundleItemType>Context</BundleItemType>
                <Caption>Sage SalesLogix</Caption>
              </ModelItemBundleItem>
              <children>
                <bundleItem modelId="73d4e7d0-a7fa-40ae-8b45-1ad7ed954154" itemTypeName="Sage.Platform.WebPortal.Design.BundleSupport.ContainerBundleItem, Sage.Platform.WebPortal.Design">
                  <ContainerBundleItem xmlns:xsi="http://www.w3.org/2001/XMLSchema-instance" xmlns:xsd="http://www.w3.org/2001/XMLSchema">
                    <ItemId>\Portal\SlxClient\SlxClient.portal.xml\Pages</ItemId>
                    <Url>\Portal\SlxClient\SlxClient.portal.xml\Pages</Url>
                    <BundleItemType>Container</BundleItemType>
                    <Caption>Pages</Caption>
                  </ContainerBundleItem>
                  <children>
                    <bundleItem modelId="73d4e7d0-a7fa-40ae-8b45-1ad7ed954154" itemTypeName="Sage.Platform.WebPortal.Design.BundleSupport.ModelItemBundleItem, Sage.Platform.WebPortal.Design">
                      <ModelItemBundleItem xmlns:xsi="http://www.w3.org/2001/XMLSchema-instance" xmlns:xsd="http://www.w3.org/2001/XMLSchema">
                        <ItemId>e13539c9-ae24-41e5-abbd-fe7a57715961</ItemId>
                        <Url>\Portal\SlxClient\ChildPages\HistoryManager\HistoryManager.page.xml</Url>
                        <BundleItemType>ModelItem</BundleItemType>
                        <Caption>History</Caption>
                        <InstallOrderOptions>
                          <BeforeAll>false</BeforeAll>
                          <InstallAfter>9de9314e-0350-4440-a8a2-3d8d4e2b7dd7</InstallAfter>
                        </InstallOrderOptions>
                      </ModelItemBundleItem>
                      <children>
                        <bundleItem modelId="73d4e7d0-a7fa-40ae-8b45-1ad7ed954154" itemTypeName="Sage.Platform.WebPortal.Design.BundleSupport.ContainerBundleItem, Sage.Platform.WebPortal.Design">
                          <ContainerBundleItem xmlns:xsi="http://www.w3.org/2001/XMLSchema-instance" xmlns:xsd="http://www.w3.org/2001/XMLSchema">
                            <ItemId>\Portal\SlxClient\ChildPages\HistoryManager\HistoryManager.page.xml\Pages</ItemId>
                            <Url>\Portal\SlxClient\ChildPages\HistoryManager\HistoryManager.page.xml\Pages</Url>
                            <BundleItemType>Container</BundleItemType>
                            <Caption>Pages</Caption>
                          </ContainerBundleItem>
                        </bundleItem>
                        <bundleItem modelId="73d4e7d0-a7fa-40ae-8b45-1ad7ed954154" itemTypeName="Sage.Platform.WebPortal.Design.BundleSupport.ContainerBundleItem, Sage.Platform.WebPortal.Design">
                          <ContainerBundleItem xmlns:xsi="http://www.w3.org/2001/XMLSchema-instance" xmlns:xsd="http://www.w3.org/2001/XMLSchema">
                            <ItemId>\Portal\SlxClient\ChildPages\HistoryManager\HistoryManager.page.xml\SmartParts</ItemId>
                            <Url>\Portal\SlxClient\ChildPages\HistoryManager\HistoryManager.page.xml\SmartParts</Url>
                            <BundleItemType>Container</BundleItemType>
                            <Caption>SmartParts</Caption>
                          </ContainerBundleItem>
                          <children>
                            <bundleItem modelId="73d4e7d0-a7fa-40ae-8b45-1ad7ed954154" itemTypeName="Sage.Platform.WebPortal.Design.BundleSupport.ModelItemBundleItem, Sage.Platform.WebPortal.Design">
                              <ModelItemBundleItem xmlns:xsi="http://www.w3.org/2001/XMLSchema-instance" xmlns:xsd="http://www.w3.org/2001/XMLSchema">
                                <ItemId>eabf4334-9216-447e-afda-093d1c329486</ItemId>
                                <Url>\Portal\SlxClient\ChildPages\HistoryManager\SmartParts\LiveGroupViewer.smartpart.xml</Url>
                                <BundleItemType>ModelItem</BundleItemType>
                                <Caption>LiveGroupViewer (Custom)</Caption>
                                <InstallOrderOptions>
                                  <BeforeAll>true</BeforeAll>
                                  <InstallAfter>00000000-0000-0000-0000-000000000000</InstallAfter>
                                </InstallOrderOptions>
                              </ModelItemBundleItem>
                            </bundleItem>
                          </children>
                        </bundleItem>
                        <bundleItem modelId="73d4e7d0-a7fa-40ae-8b45-1ad7ed954154" itemTypeName="Sage.Platform.WebPortal.Design.BundleSupport.ContainerBundleItem, Sage.Platform.WebPortal.Design">
                          <ContainerBundleItem xmlns:xsi="http://www.w3.org/2001/XMLSchema-instance" xmlns:xsd="http://www.w3.org/2001/XMLSchema">
                            <ItemId>\Portal\SlxClient\ChildPages\HistoryManager\HistoryManager.page.xml\Modules</ItemId>
                            <Url>\Portal\SlxClient\ChildPages\HistoryManager\HistoryManager.page.xml\Modules</Url>
                            <BundleItemType>Container</BundleItemType>
                            <Caption>Modules</Caption>
                          </ContainerBundleItem>
                          <children>
                            <bundleItem modelId="73d4e7d0-a7fa-40ae-8b45-1ad7ed954154" itemTypeName="Sage.Platform.WebPortal.Design.BundleSupport.ModelItemBundleItem, Sage.Platform.WebPortal.Design">
                              <ModelItemBundleItem xmlns:xsi="http://www.w3.org/2001/XMLSchema-instance" xmlns:xsd="http://www.w3.org/2001/XMLSchema">
                                <ItemId>10fdb091-f8b4-4299-a08e-52c0355ce241</ItemId>
                                <Url>\Portal\SlxClient\ChildPages\HistoryManager\Modules\Sage.SalesLogix.Client.GroupBuilder.Modules.GroupViewerModule.module.xml</Url>
                                <BundleItemType>ModelItem</BundleItemType>
                                <Caption>Sage.SalesLogix.Client.GroupBuilder.Modules.GroupViewerModule</Caption>
                                <InstallOrderOptions>
                                  <BeforeAll>true</BeforeAll>
                                  <InstallAfter>00000000-0000-0000-0000-000000000000</InstallAfter>
                                </InstallOrderOptions>
                              </ModelItemBundleItem>
                            </bundleItem>
                          </children>
                        </bundleItem>
                      </children>
                    </bundleItem>
                    <bundleItem modelId="73d4e7d0-a7fa-40ae-8b45-1ad7ed954154" itemTypeName="Sage.Platform.WebPortal.Design.BundleSupport.ModelItemBundleItem, Sage.Platform.WebPortal.Design">
                      <ModelItemBundleItem xmlns:xsi="http://www.w3.org/2001/XMLSchema-instance" xmlns:xsd="http://www.w3.org/2001/XMLSchema">
                        <ItemId>f48bf38b-2ae9-464a-8a26-aadb0805323e</ItemId>
                        <Url>\Portal\SlxClient\ChildPages\History\History.page.xml</Url>
                        <BundleItemType>Context</BundleItemType>
                        <Caption>History Detail</Caption>
                        <InstallOrderOptions>
                          <BeforeAll>false</BeforeAll>
                          <InstallAfter>e13539c9-ae24-41e5-abbd-fe7a57715961</InstallAfter>
                        </InstallOrderOptions>
                      </ModelItemBundleItem>
                      <children>
                        <bundleItem modelId="73d4e7d0-a7fa-40ae-8b45-1ad7ed954154" itemTypeName="Sage.Platform.WebPortal.Design.BundleSupport.ContainerBundleItem, Sage.Platform.WebPortal.Design">
                          <ContainerBundleItem xmlns:xsi="http://www.w3.org/2001/XMLSchema-instance" xmlns:xsd="http://www.w3.org/2001/XMLSchema">
                            <ItemId>\Portal\SlxClient\ChildPages\History\History.page.xml\SmartParts</ItemId>
                            <Url>\Portal\SlxClient\ChildPages\History\History.page.xml\SmartParts</Url>
                            <BundleItemType>Container</BundleItemType>
                            <Caption>SmartParts</Caption>
                          </ContainerBundleItem>
                          <children>
                            <bundleItem modelId="73d4e7d0-a7fa-40ae-8b45-1ad7ed954154" itemTypeName="Sage.Platform.WebPortal.Design.BundleSupport.ModelItemBundleItem, Sage.Platform.WebPortal.Design">
                              <ModelItemBundleItem xmlns:xsi="http://www.w3.org/2001/XMLSchema-instance" xmlns:xsd="http://www.w3.org/2001/XMLSchema">
                                <ItemId>3921533a-b919-4864-bb78-24ffdf3c42b8</ItemId>
                                <Url>\Portal\SlxClient\ChildPages\History\SmartParts\HistoryManagerController.smartpart.xml</Url>
                                <BundleItemType>ModelItem</BundleItemType>
                                <Caption>HistoryManagerController</Caption>
                                <InstallOrderOptions>
                                  <BeforeAll>false</BeforeAll>
                                  <InstallAfter>994fdd48-0091-4fb8-82b2-695f63281d65</InstallAfter>
                                </InstallOrderOptions>
                              </ModelItemBundleItem>
                            </bundleItem>
                          </children>
                        </bundleItem>
                      </children>
                    </bundleItem>
                  </children>
                </bundleItem>
                <bundleItem modelId="73d4e7d0-a7fa-40ae-8b45-1ad7ed954154" itemTypeName="Sage.Platform.WebPortal.Design.BundleSupport.ContainerBundleItem, Sage.Platform.WebPortal.Design">
                  <ContainerBundleItem xmlns:xsi="http://www.w3.org/2001/XMLSchema-instance" xmlns:xsd="http://www.w3.org/2001/XMLSchema">
                    <ItemId>\Portal\SlxClient\SlxClient.portal.xml\NavigationGroups</ItemId>
                    <Url>\Portal\SlxClient\SlxClient.portal.xml\NavigationGroups</Url>
                    <BundleItemType>Container</BundleItemType>
                    <Caption>Navigation</Caption>
                  </ContainerBundleItem>
                  <children>
                    <bundleItem modelId="73d4e7d0-a7fa-40ae-8b45-1ad7ed954154" itemTypeName="Sage.Platform.WebPortal.Design.BundleSupport.ModelItemBundleItem, Sage.Platform.WebPortal.Design">
                      <ModelItemBundleItem xmlns:xsi="http://www.w3.org/2001/XMLSchema-instance" xmlns:xsd="http://www.w3.org/2001/XMLSchema">
                        <ItemId>f8df3395-8f19-4d02-a081-da84c5dd5255</ItemId>
                        <Url>\Portal\SlxClient\NavGroups\navSales\navSales.navgroup.xml</Url>
                        <BundleItemType>Context</BundleItemType>
                        <Caption>Sales</Caption>
                        <InstallOrderOptions>
                          <BeforeAll>true</BeforeAll>
                          <InstallAfter>00000000-0000-0000-0000-000000000000</InstallAfter>
                        </InstallOrderOptions>
                      </ModelItemBundleItem>
                      <children>
                        <bundleItem modelId="73d4e7d0-a7fa-40ae-8b45-1ad7ed954154" itemTypeName="Sage.Platform.WebPortal.Design.BundleSupport.ModelItemBundleItem, Sage.Platform.WebPortal.Design">
                          <ModelItemBundleItem xmlns:xsi="http://www.w3.org/2001/XMLSchema-instance" xmlns:xsd="http://www.w3.org/2001/XMLSchema">
                            <ItemId>bfc9215e-e0dd-4449-9194-b47d9dfe191d</ItemId>
                            <Url>\Portal\SlxClient\NavGroups\navSales\NavItems\navHistoryManager.navitem.xml</Url>
                            <BundleItemType>ModelItem</BundleItemType>
                            <Caption>History</Caption>
                            <InstallOrderOptions>
                              <BeforeAll>false</BeforeAll>
                              <InstallAfter>83c07939-7598-4125-903b-dde311f8f20a</InstallAfter>
                            </InstallOrderOptions>
                          </ModelItemBundleItem>
                        </bundleItem>
                      </children>
                    </bundleItem>
                  </children>
                </bundleItem>
              </children>
            </bundleItem>
          </children>
        </bundleItem>
      </children>
    </bundleItem>
  </bundleItemHierarchy>
  <bundleActionHierarchy>
    <bundleItem modelId="af988c91-97c8-4527-b072-e021c9e2cb1a" itemTypeName="Sage.Platform.BundleModel.RootBundleAction, Sage.Platform.BundleModel">
      <RootBundleAction xmlns:xsi="http://www.w3.org/2001/XMLSchema-instance" xmlns:xsd="http://www.w3.org/2001/XMLSchema">
        <ItemId>\Actions</ItemId>
        <Url>\Actions</Url>
        <BundleItemType>Container</BundleItemType>
        <Caption>Bundle Actions</Caption>
      </RootBundleAction>
      <children>
        <bundleItem modelId="af988c91-97c8-4527-b072-e021c9e2cb1a" itemTypeName="Sage.SalesLogix.BundleModel.BundleActions.PluginAction, Sage.SalesLogix.BundleModel.BundleActions">
          <PluginAction xmlns:xsi="http://www.w3.org/2001/XMLSchema-instance" xmlns:xsd="http://www.w3.org/2001/XMLSchema">
            <ItemId>\Actions\InstallPlugin\pDEMOA0000GF.xml</ItemId>
            <Url>\Actions\InstallPlugin\pDEMOA0000GF.xml</Url>
            <BundleItemType>Action</BundleItemType>
            <Caption>Install Plugin [Group] HISTORY:All History (SalesLogix 1)</Caption>
            <PluginId>pDEMOA0000GF</PluginId>
            <Name>All History</Name>
            <Family>HISTORY</Family>
            <PluginType>Group</PluginType>
            <Company>SalesLogix</Company>
            <CompanyVersion>1</CompanyVersion>
          </PluginAction>
        </bundleItem>
      </children>
    </bundleItem>
  </bundleActionHierarchy>
  <itemsToDelete />
  <globalResources />
</BundleManifest>